51352025,jalon.veum@hotmail.com,(450)818-6552,188839284
62112402,chester8@gmail.com,(705)443-8438,189322411
23014755,cara14@yahoo.com,(289)747-6656,189951176
76190796,justice.huels76@hotmail.com,(709)283-6551,190166741
42487405,carlie3@gmail.com,(416)626-5579,191050279
41024975,braden47@hotmail.com,(613)483-6231,191892351
44866206,monroe0@hotmail.com,(613)999-3547,192982444
18005845,brian74@yahoo.com,(306)344-3485,193962851
97922430,laurel.stoltenberg77@yahoo.com,(306)514-7260,196385629
80727421,amy.fadel@yahoo.com,(780)790-4907,197895559
70074214,furman_johns83@gmail.com,(403)776-7130,197985578
59769839,buford.braun@yahoo.com,(403)870-2914,198217283
13133159,jewel_rowe@gmail.com,(250)666-1914,199573531
73237189,scot.lynch@hotmail.com,(778)410-1896,201091891
28010047,audra52@yahoo.com,(905)531-2741,201245988
37145217,sid.doyle@yahoo.com,(587)298-9892,203556348
15756201,torrance13@hotmail.com,(604)764-3515,203920956
88848293,velma_reichel94@yahoo.com,(581)255-1468,204470195
38133806,missouri.mckenzie@gmail.com,(604)605-9667,205474050
39417718,emmanuelle.klocko@yahoo.com,(780)205-8756,206269496
98138392,elena88@gmail.com,(647)559-7598,206282400
41342800,amani_oconnell33@yahoo.com,(403)271-2829,207137970
74215576,vern.heidenreich@hotmail.com,(416)975-4812,207711315
42044213,spencer68@hotmail.com,(226)442-3489,210613134
54042910,deshawn.spinka@hotmail.com,(709)891-4106,210802342
34924080,vivienne84@hotmail.com,(289)303-1607,212697165
36279711,candace.okeefe@gmail.com,(204)569-1227,213092761
16482545,hardy_jacobson29@yahoo.com,(418)494-3654,215511682
15716451,arlo.christiansen59@hotmail.com,(709)251-6041,215651257
34230523,lia.hills12@gmail.com,(819)714-3073,215736928
